epoch,step,train_loss:_epoch,train_loss:_step,val_loss:_epoch,val_loss:_step
0,4,,34.93824768066406,,
0,9,,33.18111801147461,,
0,14,,32.36273193359375,,
0,19,,31.314403533935547,,
0,24,,29.300861358642578,,
0,29,,28.20195960998535,,
0,34,,27.88821792602539,,
0,39,,27.145219802856445,,
0,44,,25.295385360717773,,
0,49,,23.947269439697266,,
0,54,,24.246681213378906,,
0,59,,21.672008514404297,,
0,64,,21.64957046508789,,
0,69,,20.121320724487305,,
0,74,,19.190433502197266,,
0,79,,18.553009033203125,,
0,84,,18.47891616821289,,
0,89,,16.890172958374023,,
0,94,,15.77026081085205,,
0,99,,15.537895202636719,,
0,104,,14.67284107208252,,
0,109,,13.796866416931152,,
0,114,,13.224526405334473,,
0,119,,12.928947448730469,,
0,124,,12.656704902648926,,
0,129,,12.753204345703125,,
0,134,,12.319632530212402,,
0,139,,12.543864250183105,,
0,144,,11.982666015625,,
0,149,,12.227917671203613,,
0,154,,12.185277938842773,,
,0,,,,11.214235305786133
,1,,,,11.534503936767578
,2,,,,11.914764404296875
,3,,,,11.839081764221191
0,156,,,11.625646591186523,
0,156,20.46004295349121,,,
1,159,,11.368073463439941,,
1,164,,11.7216157913208,,
1,169,,11.32631778717041,,
1,174,,11.62496566772461,,
1,179,,11.13427734375,,
1,184,,11.040488243103027,,
1,189,,11.199774742126465,,
1,194,,10.792667388916016,,
1,199,,11.461213111877441,,
1,204,,11.244547843933105,,
1,209,,11.189518928527832,,
1,214,,11.083305358886719,,
1,219,,11.008415222167969,,
1,224,,10.705279350280762,,
1,229,,10.275404930114746,,
1,234,,10.829882621765137,,
1,239,,10.932233810424805,,
1,244,,10.714487075805664,,
1,249,,10.255966186523438,,
1,254,,10.569303512573242,,
1,259,,10.612896919250488,,
1,264,,10.362936973571777,,
1,269,,10.353032112121582,,
1,274,,10.698147773742676,,
1,279,,10.722342491149902,,
1,284,,10.1992826461792,,
1,289,,9.968369483947754,,
1,294,,9.942953109741211,,
1,299,,10.338179588317871,,
1,304,,9.748785018920898,,
1,309,,10.129250526428223,,
,4,,,,9.974842071533203
,5,,,,9.90726089477539
,6,,,,10.392026901245117
,7,,,,10.095942497253418
1,313,,,10.092517852783203,
1,313,10.771245002746582,,,
2,314,,10.002530097961426,,
2,319,,10.40565013885498,,
2,324,,10.055485725402832,,
2,329,,10.478046417236328,,
2,334,,10.129222869873047,,
2,339,,10.061135292053223,,
2,344,,10.055192947387695,,
2,349,,9.608880043029785,,
2,354,,9.91532039642334,,
2,359,,9.796502113342285,,
2,364,,9.973745346069336,,
2,369,,9.897286415100098,,
2,374,,9.72877311706543,,
2,379,,9.88125228881836,,
2,384,,9.722034454345703,,
2,389,,9.441630363464355,,
2,394,,9.792825698852539,,
2,399,,9.636701583862305,,
2,404,,9.455302238464355,,
2,409,,9.969508171081543,,
2,414,,9.681884765625,,
2,419,,9.659998893737793,,
2,424,,9.68683910369873,,
2,429,,9.443191528320312,,
2,434,,9.40835189819336,,
2,439,,9.54922866821289,,
2,444,,9.596550941467285,,
2,449,,9.49512767791748,,
2,454,,9.318153381347656,,
2,459,,9.322522163391113,,
2,464,,9.18907642364502,,
2,469,,9.624870300292969,,
,8,,,,9.242650032043457
,9,,,,8.948738098144531
,10,,,,9.681024551391602
,11,,,,9.26772689819336
2,470,,,9.2850341796875,
2,470,9.756422996520996,,,
3,474,,9.187274932861328,,
3,479,,9.275579452514648,,
3,484,,9.78633975982666,,
3,489,,9.26587200164795,,
3,494,,9.254860877990723,,
3,499,,9.35589599609375,,
3,504,,8.827287673950195,,
3,509,,9.503277778625488,,
3,514,,9.011807441711426,,
3,519,,9.154586791992188,,
3,524,,9.263551712036133,,
3,529,,9.281075477600098,,
3,534,,9.113564491271973,,
3,539,,9.330934524536133,,
3,544,,9.46485424041748,,
3,549,,8.631124496459961,,
3,554,,9.274956703186035,,
3,559,,8.950313568115234,,
3,564,,8.946145057678223,,
3,569,,8.670032501220703,,
3,574,,8.70274543762207,,
3,579,,8.642794609069824,,
3,584,,8.816558837890625,,
3,589,,9.390149116516113,,
3,594,,8.916719436645508,,
3,599,,8.926115989685059,,
3,604,,9.118200302124023,,
3,609,,8.8707275390625,,
3,614,,9.045010566711426,,
3,619,,8.818410873413086,,
3,624,,8.405522346496582,,
,12,,,,8.64713191986084
,13,,,,8.414031028747559
,14,,,,9.026476860046387
,15,,,,8.808721542358398
3,627,,,8.724090576171875,
3,627,9.118348121643066,,,
4,629,,9.232641220092773,,
4,634,,8.968196868896484,,
4,639,,8.799416542053223,,
4,644,,8.550728797912598,,
4,649,,8.797811508178711,,
4,654,,8.63532829284668,,
4,659,,9.025877952575684,,
4,664,,8.50532054901123,,
4,669,,9.039453506469727,,
4,674,,9.14323616027832,,
4,679,,8.870979309082031,,
4,684,,8.418130874633789,,
4,689,,8.720539093017578,,
4,694,,8.902556419372559,,
4,699,,9.173466682434082,,
4,704,,8.491334915161133,,
4,709,,8.574502944946289,,
4,714,,8.709962844848633,,
4,719,,8.752406120300293,,
4,724,,8.289852142333984,,
4,729,,8.555118560791016,,
4,734,,8.477102279663086,,
4,739,,8.030505180358887,,
4,744,,8.508843421936035,,
4,749,,8.245490074157715,,
4,754,,7.945037841796875,,
4,759,,8.410158157348633,,
4,764,,8.04827880859375,,
4,769,,8.216429710388184,,
4,774,,8.482059478759766,,
4,779,,8.802657127380371,,
4,784,,8.120814323425293,,
,16,,,,8.160351753234863
,17,,,,8.174668312072754
,18,,,,8.704479217529297
,19,,,,8.342570304870605
4,784,,,8.3455171585083,
4,784,8.636804580688477,,,
5,789,,8.56716251373291,,
5,794,,8.169193267822266,,
5,799,,8.083349227905273,,
5,804,,8.234614372253418,,
5,809,,8.732699394226074,,
5,814,,8.021305084228516,,
5,819,,8.637002944946289,,
5,824,,8.353743553161621,,
5,829,,8.447729110717773,,
5,834,,8.835906982421875,,
5,839,,8.225482940673828,,
5,844,,8.557099342346191,,
5,849,,8.27060604095459,,
5,854,,8.969884872436523,,
5,859,,7.687310218811035,,
5,864,,8.14313793182373,,
5,869,,8.364473342895508,,
5,874,,8.38919448852539,,
5,879,,7.833761215209961,,
5,884,,8.183302879333496,,
5,889,,8.151652336120605,,
5,894,,8.553423881530762,,
5,899,,8.160168647766113,,
5,904,,8.120144844055176,,
5,909,,8.512604713439941,,
5,914,,8.249557495117188,,
5,919,,7.628383636474609,,
5,924,,7.96173095703125,,
5,929,,8.138042449951172,,
5,934,,8.029451370239258,,
5,939,,8.15036678314209,,
,20,,,,7.782200813293457
,21,,,,7.80994987487793
,22,,,,8.286398887634277
,23,,,,8.116554260253906
5,941,,,7.998775959014893,
5,941,8.285975456237793,,,
6,944,,8.359548568725586,,
6,949,,8.548484802246094,,
6,954,,8.2966890335083,,
6,959,,7.959933280944824,,
6,964,,7.861110687255859,,
6,969,,8.044486045837402,,
6,974,,7.801835536956787,,
6,979,,7.921540260314941,,
6,984,,8.337089538574219,,
6,989,,8.05091667175293,,
6,994,,8.17077350616455,,
6,999,,8.206021308898926,,
6,1004,,7.817780017852783,,
6,1009,,7.800652503967285,,
6,1014,,8.135973930358887,,
6,1019,,8.322367668151855,,
6,1024,,8.10274600982666,,
6,1029,,7.577998638153076,,
6,1034,,7.703222274780273,,
6,1039,,8.027522087097168,,
6,1044,,7.902009010314941,,
6,1049,,8.014349937438965,,
6,1054,,8.01096248626709,,
6,1059,,8.20976448059082,,
6,1064,,7.916337490081787,,
6,1069,,7.902684688568115,,
6,1074,,8.144296646118164,,
6,1079,,8.12382698059082,,
6,1084,,7.954766273498535,,
6,1089,,7.691197395324707,,
6,1094,,7.914647102355957,,
,24,,,,7.622025012969971
,25,,,,7.545040607452393
,26,,,,8.052755355834961
,27,,,,7.719559192657471
6,1098,,,7.734845161437988,
6,1098,8.003047943115234,,,
7,1099,,7.667128086090088,,
7,1104,,8.07509994506836,,
7,1109,,7.968582630157471,,
7,1114,,7.848376274108887,,
7,1119,,7.876478672027588,,
7,1124,,7.3791184425354,,
7,1129,,8.499844551086426,,
7,1134,,7.844084739685059,,
7,1139,,7.925870418548584,,
7,1144,,7.517591953277588,,
7,1149,,7.763142108917236,,
7,1154,,7.802167892456055,,
7,1159,,7.8607401847839355,,
7,1164,,7.810849666595459,,
7,1169,,7.924925327301025,,
7,1174,,7.767062664031982,,
7,1179,,7.732575416564941,,
7,1184,,7.4025163650512695,,
7,1189,,7.500495433807373,,
7,1194,,7.707552433013916,,
7,1199,,7.736058235168457,,
7,1204,,7.669559001922607,,
7,1209,,7.826008319854736,,
7,1214,,7.485711097717285,,
7,1219,,7.918490886688232,,
7,1224,,7.7878570556640625,,
7,1229,,7.307209491729736,,
7,1234,,7.520661354064941,,
7,1239,,7.774805068969727,,
7,1244,,7.433933734893799,,
7,1249,,7.853374004364014,,
7,1254,,7.850739479064941,,
,28,,,,7.397603511810303
,29,,,,7.356631755828857
,30,,,,7.859707355499268
,31,,,,7.611246109008789
7,1255,,,7.556297302246094,
7,1255,7.77128267288208,,,
8,1259,,7.522146224975586,,
8,1264,,7.578213214874268,,
8,1269,,7.857138633728027,,
8,1274,,7.271853923797607,,
8,1279,,7.770413875579834,,
8,1284,,7.599183082580566,,
8,1289,,8.049300193786621,,
8,1294,,7.34090518951416,,
8,1299,,7.456486701965332,,
8,1304,,7.758994102478027,,
8,1309,,7.202990531921387,,
8,1314,,7.357668399810791,,
8,1319,,7.923998832702637,,
8,1324,,7.63745641708374,,
8,1329,,7.602175712585449,,
8,1334,,7.489698886871338,,
8,1339,,7.627816677093506,,
8,1344,,7.748607158660889,,
8,1349,,8.096949577331543,,
8,1354,,7.336203575134277,,
8,1359,,7.773591041564941,,
8,1364,,7.707007884979248,,
8,1369,,7.709338188171387,,
8,1374,,7.624826431274414,,
8,1379,,7.491261959075928,,
8,1384,,7.713323593139648,,
8,1389,,7.810102462768555,,
8,1394,,7.698980331420898,,
8,1399,,7.402856826782227,,
8,1404,,6.979671001434326,,
8,1409,,7.222951412200928,,
,32,,,,7.255270957946777
,33,,,,7.171248435974121
,34,,,,7.689695358276367
,35,,,,7.457769393920898
8,1412,,,7.393496036529541,
8,1412,7.596213340759277,,,
9,1414,,7.814180850982666,,
9,1419,,7.443055152893066,,
9,1424,,7.168464183807373,,
9,1429,,7.687371730804443,,
9,1434,,7.082244873046875,,
9,1439,,7.645575523376465,,
9,1444,,7.341065406799316,,
9,1449,,7.652195930480957,,
9,1454,,7.627256870269775,,
9,1459,,7.555749893188477,,
9,1464,,7.6758131980896,,
9,1469,,7.3958587646484375,,
9,1474,,7.3293986320495605,,
9,1479,,7.487534523010254,,
9,1484,,7.519664287567139,,
9,1489,,7.356691837310791,,
9,1494,,7.589510440826416,,
9,1499,,7.732059001922607,,
9,1504,,7.466701507568359,,
9,1509,,6.872371196746826,,
9,1514,,7.240500450134277,,
9,1519,,7.476809501647949,,
9,1524,,7.576550006866455,,
9,1529,,7.582066059112549,,
9,1534,,7.343951225280762,,
9,1539,,7.082425594329834,,
9,1544,,7.203376293182373,,
9,1549,,7.136783123016357,,
9,1554,,7.573102951049805,,
9,1559,,7.219186782836914,,
9,1564,,7.234907627105713,,
9,1569,,7.540096282958984,,
,36,,,,7.161898136138916
,37,,,,7.020323276519775
,38,,,,7.701362609863281
,39,,,,7.393675327301025
9,1569,,,7.319314479827881,
9,1569,7.464921951293945,,,
10,1574,,7.521511077880859,,
10,1579,,7.191691875457764,,
10,1584,,7.116697311401367,,
10,1589,,7.257037162780762,,
10,1594,,7.381232738494873,,
10,1599,,7.408920764923096,,
10,1604,,7.441714763641357,,
10,1609,,7.490531921386719,,
10,1614,,7.423074722290039,,
10,1619,,7.517874717712402,,
10,1624,,7.461095333099365,,
10,1629,,7.357967853546143,,
10,1634,,7.456618309020996,,
10,1639,,7.411165714263916,,
10,1644,,7.394126892089844,,
10,1649,,7.459500789642334,,
10,1654,,7.455245018005371,,
10,1659,,7.37924861907959,,
10,1664,,7.57682466506958,,
10,1669,,7.20538854598999,,
10,1674,,7.225882530212402,,
10,1679,,7.159936428070068,,
10,1684,,7.608211040496826,,
10,1689,,7.296594142913818,,
10,1694,,7.44106388092041,,
10,1699,,7.419327259063721,,
10,1704,,7.176027774810791,,
10,1709,,7.134571552276611,,
10,1714,,6.941973686218262,,
10,1719,,7.274758338928223,,
10,1724,,7.03961706161499,,
,40,,,,7.018294334411621
,41,,,,6.897298812866211
,42,,,,7.602828025817871
,43,,,,7.289304733276367
10,1726,,,7.201931476593018,
10,1726,7.357966423034668,,,
11,1729,,7.080718994140625,,
11,1734,,7.304505348205566,,
11,1739,,7.122612953186035,,
11,1744,,7.554787635803223,,
11,1749,,7.487302303314209,,
11,1754,,7.00683069229126,,
11,1759,,7.249794960021973,,
11,1764,,7.12017297744751,,
11,1769,,7.056752681732178,,
11,1774,,7.109830379486084,,
11,1779,,7.051383018493652,,
11,1784,,7.343690395355225,,
11,1789,,7.02058219909668,,
11,1794,,7.275265216827393,,
11,1799,,7.543254375457764,,
11,1804,,7.405076503753662,,
11,1809,,7.261100769042969,,
11,1814,,7.060922622680664,,
11,1819,,6.8565192222595215,,
11,1824,,7.312592506408691,,
11,1829,,7.291604995727539,,
11,1834,,7.113016128540039,,
11,1839,,7.577273845672607,,
11,1844,,6.684577941894531,,
11,1849,,7.517281532287598,,
11,1854,,7.247426986694336,,
11,1859,,7.151740550994873,,
11,1864,,7.161365985870361,,
11,1869,,6.91603422164917,,
11,1874,,7.49341344833374,,
11,1879,,7.197811603546143,,
,44,,,,6.896931171417236
,45,,,,6.82502555847168
,46,,,,7.452006816864014
,47,,,,7.129645824432373
11,1883,,,7.075902462005615,
11,1883,7.265105247497559,,,
12,1884,,7.2339372634887695,,
12,1889,,7.314669609069824,,
12,1894,,7.183374881744385,,
12,1899,,7.079949855804443,,
12,1904,,7.332639217376709,,
12,1909,,7.240219593048096,,
12,1914,,7.259299278259277,,
12,1919,,7.1537394523620605,,
12,1924,,7.107860565185547,,
12,1929,,6.699760437011719,,
12,1934,,7.645643711090088,,
12,1939,,7.317683696746826,,
12,1944,,7.03005313873291,,
12,1949,,7.387900352478027,,
12,1954,,7.308938980102539,,
12,1959,,7.2770676612854,,
12,1964,,6.898564338684082,,
12,1969,,6.8860650062561035,,
12,1974,,7.267371654510498,,
12,1979,,7.427692890167236,,
12,1984,,7.463597297668457,,
12,1989,,7.1425652503967285,,
12,1994,,6.960212230682373,,
12,1999,,7.235932350158691,,
12,2004,,6.969870567321777,,
12,2009,,6.957825660705566,,
12,2014,,7.148542404174805,,
12,2019,,6.915805339813232,,
12,2024,,7.169491291046143,,
12,2029,,7.27661657333374,,
12,2034,,6.890275955200195,,
12,2039,,7.041558742523193,,
,48,,,,6.869658470153809
,49,,,,6.742925643920898
,50,,,,7.365915298461914
,51,,,,7.081521987915039
12,2040,,,7.015005588531494,
12,2040,7.183524131774902,,,
13,2044,,7.0852274894714355,,
13,2049,,7.19788122177124,,
13,2054,,7.230799198150635,,
13,2059,,7.431149959564209,,
13,2064,,7.227222919464111,,
13,2069,,6.688671588897705,,
13,2074,,7.295786380767822,,
13,2079,,6.8362274169921875,,
13,2084,,6.864926815032959,,
13,2089,,6.987170219421387,,
13,2094,,7.403619289398193,,
13,2099,,7.200341701507568,,
13,2104,,6.978662967681885,,
13,2109,,6.975516319274902,,
13,2114,,7.164036750793457,,
13,2119,,6.984044075012207,,
13,2124,,6.859817981719971,,
13,2129,,6.849064826965332,,
13,2134,,7.415651798248291,,
13,2139,,7.294970512390137,,
13,2144,,7.300325870513916,,
13,2149,,7.210439205169678,,
13,2154,,6.949164867401123,,
13,2159,,6.9299163818359375,,
13,2164,,6.972504615783691,,
13,2169,,7.745815277099609,,
13,2174,,6.849411964416504,,
13,2179,,6.8898210525512695,,
13,2184,,6.7023186683654785,,
13,2189,,6.830147743225098,,
13,2194,,7.180851459503174,,
,52,,,,6.841887474060059
,53,,,,6.730409622192383
,54,,,,7.323325157165527
,55,,,,7.028804779052734
13,2197,,,6.981106758117676,
13,2197,7.1048078536987305,,,
14,2199,,7.376142501831055,,
14,2204,,7.208320140838623,,
14,2209,,6.659694671630859,,
14,2214,,6.7892327308654785,,
14,2219,,7.527123928070068,,
14,2224,,7.2035746574401855,,
14,2229,,6.98649787902832,,
14,2234,,7.420763969421387,,
14,2239,,7.229703426361084,,
14,2244,,7.292101860046387,,
14,2249,,6.66873836517334,,
14,2254,,6.816447734832764,,
14,2259,,7.123517990112305,,
14,2264,,7.077217102050781,,
14,2269,,7.017053127288818,,
14,2274,,7.160836696624756,,
14,2279,,6.802644729614258,,
14,2284,,7.050655841827393,,
14,2289,,7.408241271972656,,
14,2294,,6.765046119689941,,
14,2299,,7.064089775085449,,
14,2304,,7.200197696685791,,
14,2309,,7.211016654968262,,
14,2314,,6.895534515380859,,
14,2319,,6.783965110778809,,
14,2324,,7.267310619354248,,
14,2329,,6.920687198638916,,
14,2334,,6.878100395202637,,
14,2339,,6.9967193603515625,,
14,2344,,7.273462295532227,,
14,2349,,7.02056360244751,,
14,2354,,7.270676136016846,,
,56,,,,6.789690971374512
,57,,,,6.625569820404053
,58,,,,7.19650936126709
,59,,,,6.904035568237305
14,2354,,,6.878951549530029,
14,2354,7.029524803161621,,,
15,2359,,7.189207077026367,,
15,2364,,7.030919551849365,,
15,2369,,6.998796463012695,,
15,2374,,6.9593658447265625,,
15,2379,,6.681421756744385,,
15,2384,,6.94610595703125,,
15,2389,,6.722815990447998,,
15,2394,,7.049454212188721,,
15,2399,,7.045158386230469,,
15,2404,,7.044743061065674,,
15,2409,,6.825826168060303,,
15,2414,,7.11247444152832,,
15,2419,,6.844518661499023,,
15,2424,,6.926244735717773,,
15,2429,,7.030995845794678,,
15,2434,,6.8290934562683105,,
15,2439,,7.330920219421387,,
15,2444,,7.251964092254639,,
15,2449,,7.040383338928223,,
15,2454,,6.704253196716309,,
15,2459,,6.871017932891846,,
15,2464,,6.851647853851318,,
15,2469,,6.720958232879639,,
15,2474,,7.144765377044678,,
15,2479,,6.737199783325195,,
15,2484,,6.719664096832275,,
15,2489,,6.568399429321289,,
15,2494,,6.589663028717041,,
15,2499,,6.832688331604004,,
15,2504,,7.028628349304199,,
15,2509,,7.121312618255615,,
,60,,,,6.728018760681152
,61,,,,6.57392692565918
,62,,,,7.257418155670166
,63,,,,6.91379451751709
15,2511,,,6.868289947509766,
15,2511,6.96803617477417,,,
16,2514,,6.948951244354248,,
16,2519,,6.881051063537598,,
16,2524,,6.682333946228027,,
16,2529,,7.079647064208984,,
16,2534,,6.631954193115234,,
16,2539,,6.868406772613525,,
16,2544,,6.623586177825928,,
16,2549,,6.803761005401611,,
16,2554,,7.4492011070251465,,
16,2559,,7.04495096206665,,
16,2564,,6.772669315338135,,
16,2569,,6.583377361297607,,
16,2574,,6.687036037445068,,
16,2579,,7.13944673538208,,
16,2584,,6.60343074798584,,
16,2589,,7.270827293395996,,
16,2594,,6.864954471588135,,
16,2599,,7.354822635650635,,
16,2604,,6.234386920928955,,
16,2609,,6.736583232879639,,
16,2614,,7.126872539520264,,
16,2619,,6.6950531005859375,,
16,2624,,6.831131935119629,,
16,2629,,6.621525287628174,,
16,2634,,7.419439315795898,,
16,2639,,6.916316986083984,,
16,2644,,6.78626823425293,,
16,2649,,6.6574530601501465,,
16,2654,,7.019400596618652,,
16,2659,,7.140774250030518,,
16,2664,,7.183230876922607,,
,64,,,,6.716042518615723
,65,,,,6.528210163116455
,66,,,,7.106756210327148
,67,,,,6.834169864654541
16,2668,,,6.796294689178467,
16,2668,6.918732643127441,,,
17,2669,,6.897966384887695,,
17,2674,,7.016776084899902,,
17,2679,,6.854251384735107,,
17,2684,,6.766478061676025,,
17,2689,,6.662115097045898,,
17,2694,,7.100831031799316,,
17,2699,,6.409578800201416,,
17,2704,,6.4764885902404785,,
17,2709,,7.093103885650635,,
17,2714,,6.916590213775635,,
17,2719,,6.628223896026611,,
17,2724,,7.134567737579346,,
17,2729,,6.8193359375,,
17,2734,,6.685930252075195,,
17,2739,,6.947917461395264,,
17,2744,,6.225409030914307,,
17,2749,,6.954838275909424,,
17,2754,,7.187062740325928,,
17,2759,,6.972758769989014,,
17,2764,,6.8037543296813965,,
17,2769,,7.660386562347412,,
17,2774,,7.063270092010498,,
17,2779,,6.73631477355957,,
17,2784,,6.732369422912598,,
17,2789,,6.99222469329834,,
17,2794,,7.124982833862305,,
17,2799,,6.709109783172607,,
17,2804,,6.822688579559326,,
17,2809,,6.779714107513428,,
17,2814,,6.775754451751709,,
17,2819,,6.658268451690674,,
17,2824,,7.180156707763672,,
,68,,,,6.538101673126221
,69,,,,6.454283237457275
,70,,,,7.075711727142334
,71,,,,6.782690048217773
17,2825,,,6.712696552276611,
17,2825,6.851258754730225,,,
18,2829,,7.028510093688965,,
18,2834,,6.901363372802734,,
18,2839,,7.023431777954102,,
18,2844,,6.498451232910156,,
18,2849,,6.685486793518066,,
18,2854,,7.037759780883789,,
18,2859,,7.020569801330566,,
18,2864,,6.7254180908203125,,
18,2869,,6.488276958465576,,
18,2874,,6.668383598327637,,
18,2879,,7.023797988891602,,
18,2884,,6.798621654510498,,
18,2889,,6.733160972595215,,
18,2894,,6.542685508728027,,
18,2899,,6.71169900894165,,
18,2904,,6.801583290100098,,
18,2909,,7.171685218811035,,
18,2914,,6.500701904296875,,
18,2919,,7.001958847045898,,
18,2924,,6.910798072814941,,
18,2929,,6.894590377807617,,
18,2934,,6.807412624359131,,
18,2939,,6.965792655944824,,
18,2944,,6.802679061889648,,
18,2949,,6.5371270179748535,,
18,2954,,6.246603488922119,,
18,2959,,6.8579630851745605,,
18,2964,,6.329753398895264,,
18,2969,,6.782590389251709,,
18,2974,,6.672360897064209,,
18,2979,,6.805486679077148,,
,72,,,,6.559092998504639
,73,,,,6.489383220672607
,74,,,,6.97087287902832
,75,,,,6.725831031799316
18,2982,,,6.6862945556640625,
18,2982,6.8043742179870605,,,
19,2984,,6.561750411987305,,
19,2989,,6.881095886230469,,
19,2994,,6.636573314666748,,
19,2999,,6.9260149002075195,,
19,3004,,6.772790431976318,,
19,3009,,6.854586124420166,,
19,3014,,7.048560619354248,,
19,3019,,6.8342204093933105,,
19,3024,,6.883704662322998,,
19,3029,,6.618168830871582,,
19,3034,,6.59556245803833,,
19,3039,,6.886412143707275,,
19,3044,,6.464040279388428,,
19,3049,,6.592098712921143,,
19,3054,,6.731241226196289,,
19,3059,,7.368264198303223,,
19,3064,,6.613383769989014,,
19,3069,,6.815937519073486,,
19,3074,,7.023958683013916,,
19,3079,,6.597081184387207,,
19,3084,,6.699774742126465,,
19,3089,,6.463106155395508,,
19,3094,,6.9060587882995605,,
19,3099,,6.459792137145996,,
19,3104,,6.521964073181152,,
19,3109,,6.808024883270264,,
19,3114,,6.828422546386719,,
19,3119,,6.926459312438965,,
19,3124,,6.669538497924805,,
19,3129,,6.729587078094482,,
19,3134,,7.106348037719727,,
19,3139,,7.044957637786865,,
,76,,,,6.454503059387207
,77,,,,6.303130149841309
,78,,,,7.03225564956665
,79,,,,6.673220157623291
19,3139,,,6.615777015686035,
19,3139,6.7521891593933105,,,
20,3144,,6.462660312652588,,
20,3149,,6.681992530822754,,
20,3154,,6.859536170959473,,
20,3159,,6.313840389251709,,
20,3164,,6.526845932006836,,
20,3169,,6.7546539306640625,,
20,3174,,7.00955057144165,,
20,3179,,6.759203910827637,,
20,3184,,7.081817626953125,,
20,3189,,6.631009578704834,,
20,3194,,6.635937213897705,,
20,3199,,7.1765289306640625,,
20,3204,,6.872689723968506,,
20,3209,,6.542338848114014,,
20,3214,,6.43142032623291,,
20,3219,,6.9539103507995605,,
20,3224,,6.576396465301514,,
20,3229,,6.691756248474121,,
20,3234,,6.488117694854736,,
20,3239,,6.734663486480713,,
20,3244,,6.326345920562744,,
20,3249,,6.8250932693481445,,
20,3254,,6.6961212158203125,,
20,3259,,6.748527526855469,,
20,3264,,7.058114051818848,,
20,3269,,6.834118366241455,,
20,3274,,6.801023483276367,,
20,3279,,6.610134124755859,,
20,3284,,6.9331278800964355,,
20,3289,,6.604463577270508,,
20,3294,,6.994555473327637,,
,80,,,,6.415848255157471
,81,,,,6.397218704223633
,82,,,,6.980987548828125
,83,,,,6.657360553741455
20,3296,,,6.612853527069092,
20,3296,6.70952033996582,,,
21,3299,,6.747531414031982,,
21,3304,,6.61076021194458,,
21,3309,,6.728896141052246,,
21,3314,,6.541929721832275,,
21,3319,,6.500730037689209,,
21,3324,,7.030495643615723,,
21,3329,,6.60577917098999,,
21,3334,,6.514571189880371,,
21,3339,,7.0111589431762695,,
21,3344,,6.479249000549316,,
21,3349,,7.019654273986816,,
21,3354,,6.807480335235596,,
21,3359,,7.038177967071533,,
21,3364,,6.460825443267822,,
21,3369,,6.501047611236572,,
21,3374,,6.790354251861572,,
21,3379,,6.432159900665283,,
21,3384,,6.568190097808838,,
21,3389,,6.810815334320068,,
21,3394,,6.768404960632324,,
21,3399,,6.650380611419678,,
21,3404,,6.972438812255859,,
21,3409,,6.595993518829346,,
21,3414,,6.170306205749512,,
21,3419,,6.214487552642822,,
21,3424,,6.559848308563232,,
21,3429,,6.650480270385742,,
21,3434,,6.767697811126709,,
21,3439,,7.007454872131348,,
21,3444,,6.383559226989746,,
21,3449,,6.669576168060303,,
,84,,,,6.378952503204346
,85,,,,6.363179683685303
,86,,,,6.925663471221924
,87,,,,6.605860233306885
21,3453,,,6.568413734436035,
21,3453,6.669681072235107,,,
22,3454,,6.715042591094971,,
22,3459,,6.81144905090332,,
22,3464,,6.783051490783691,,
22,3469,,6.771188735961914,,
22,3474,,6.442232608795166,,
22,3479,,6.662177562713623,,
22,3484,,6.750057697296143,,
22,3489,,6.72479248046875,,
22,3494,,6.810290813446045,,
22,3499,,6.875651836395264,,
22,3504,,6.500087261199951,,
22,3509,,6.770201206207275,,
22,3514,,6.645296096801758,,
22,3519,,6.616069316864014,,
22,3524,,6.565718650817871,,
22,3529,,6.443093299865723,,
22,3534,,6.616301536560059,,
22,3539,,6.706377983093262,,
22,3544,,6.471115589141846,,
22,3549,,6.890145301818848,,
22,3554,,6.6816020011901855,,
22,3559,,6.499567031860352,,
22,3564,,6.408768177032471,,
22,3569,,6.551878929138184,,
22,3574,,6.268105506896973,,
22,3579,,6.912197589874268,,
22,3584,,6.355832576751709,,
22,3589,,6.712414264678955,,
22,3594,,6.238687992095947,,
22,3599,,6.276248455047607,,
22,3604,,6.743956089019775,,
22,3609,,6.561678409576416,,
,88,,,,6.436944484710693
,89,,,,6.244399070739746
,90,,,,6.882834434509277
,91,,,,6.5689897537231445
22,3610,,,6.533291816711426,
22,3610,6.625164985656738,,,
23,3614,,6.688834190368652,,
23,3619,,6.771744251251221,,
23,3624,,6.70121431350708,,
23,3629,,6.782262802124023,,
23,3634,,6.215290546417236,,
23,3639,,6.480259895324707,,
23,3644,,6.779943466186523,,
23,3649,,6.392940521240234,,
23,3654,,6.622198104858398,,
23,3659,,6.961903095245361,,
23,3664,,6.793104648590088,,
23,3669,,7.024587154388428,,
23,3674,,6.4096360206604,,
23,3679,,6.957597732543945,,
23,3684,,6.812966346740723,,
23,3689,,6.664261817932129,,
23,3694,,6.758819580078125,,
23,3699,,6.140828609466553,,
23,3704,,6.159388065338135,,
23,3709,,6.689833164215088,,
23,3714,,6.543411731719971,,
23,3719,,6.216159343719482,,
23,3724,,6.414032459259033,,
23,3729,,6.256343841552734,,
23,3734,,6.450268268585205,,
23,3739,,6.970307350158691,,
23,3744,,6.280322074890137,,
23,3749,,6.433567523956299,,
23,3754,,6.598946571350098,,
23,3759,,6.6303324699401855,,
23,3764,,6.517236232757568,,
,92,,,,6.295567512512207
,93,,,,6.239406108856201
,94,,,,6.820757865905762
,95,,,,6.566227912902832
23,3767,,,6.480489730834961,
23,3767,6.587333679199219,,,
24,3769,,6.751492023468018,,
24,3774,,6.383383750915527,,
24,3779,,6.509307861328125,,
24,3784,,6.797413349151611,,
24,3789,,6.535940170288086,,
24,3794,,6.64240837097168,,
24,3799,,6.514618873596191,,
24,3804,,6.492331504821777,,
24,3809,,6.586225986480713,,
24,3814,,6.667350769042969,,
24,3819,,6.879751205444336,,
24,3824,,6.185595989227295,,
24,3829,,6.509152889251709,,
24,3834,,6.368959903717041,,
24,3839,,6.782863616943359,,
24,3844,,6.808799743652344,,
24,3849,,6.64647102355957,,
24,3854,,6.827654838562012,,
24,3859,,6.393240928649902,,
24,3864,,6.648705959320068,,
24,3869,,6.545090675354004,,
24,3874,,7.034579753875732,,
24,3879,,6.4438347816467285,,
24,3884,,6.566873073577881,,
24,3889,,6.273779392242432,,
24,3894,,6.283247947692871,,
24,3899,,6.875844478607178,,
24,3904,,6.939070224761963,,
24,3909,,6.42324686050415,,
24,3914,,6.396981239318848,,
24,3919,,6.580617904663086,,
24,3924,,6.7886223793029785,,
,96,,,,6.26214075088501
,97,,,,6.224189281463623
,98,,,,6.779910087585449
,99,,,,6.485383987426758
24,3924,,,6.437905788421631,
24,3924,6.547194957733154,,,
25,3929,,6.299129962921143,,
25,3934,,6.349844932556152,,
25,3939,,6.789755821228027,,
25,3944,,6.141092300415039,,
25,3949,,6.150163650512695,,
25,3954,,7.079237937927246,,
25,3959,,6.574785232543945,,
25,3964,,6.704225540161133,,
25,3969,,6.296084880828857,,
25,3974,,6.437845230102539,,
25,3979,,6.426753520965576,,
25,3984,,6.617203235626221,,
25,3989,,6.710770130157471,,
25,3994,,6.688366413116455,,
25,3999,,6.475357532501221,,
25,4004,,6.963488578796387,,
25,4009,,6.36217737197876,,
25,4014,,6.117659568786621,,
25,4019,,6.254860877990723,,
25,4024,,6.382924556732178,,
25,4029,,6.587282657623291,,
25,4034,,6.380055904388428,,
25,4039,,6.585264682769775,,
25,4044,,6.480486869812012,,
25,4049,,6.408017635345459,,
25,4054,,6.551620960235596,,
25,4059,,6.501541614532471,,
25,4064,,6.302270412445068,,
25,4069,,6.384395599365234,,
25,4074,,6.426085472106934,,
25,4079,,6.730513572692871,,
,100,,,,6.204830169677734
,101,,,,6.204695701599121
,102,,,,6.804049968719482
,103,,,,6.36417293548584
25,4081,,,6.394436836242676,
25,4081,6.512894630432129,,,
26,4084,,6.392021179199219,,
26,4089,,6.617276668548584,,
26,4094,,6.615972518920898,,
26,4099,,6.570313453674316,,
26,4104,,6.48984956741333,,
26,4109,,6.562465190887451,,
26,4114,,6.260426044464111,,
26,4119,,6.323875427246094,,
26,4124,,6.725594520568848,,
26,4129,,6.45165491104126,,
26,4134,,6.190865993499756,,
26,4139,,6.503785133361816,,
26,4144,,6.248420715332031,,
26,4149,,6.86082649230957,,
26,4154,,6.126228332519531,,
26,4159,,6.563536167144775,,
26,4164,,6.275961875915527,,
26,4169,,6.0985107421875,,
26,4174,,6.169965744018555,,
26,4179,,6.654328346252441,,
26,4184,,6.5208587646484375,,
26,4189,,6.169103145599365,,
26,4194,,6.4979424476623535,,
26,4199,,6.781771659851074,,
26,4204,,6.345699310302734,,
26,4209,,6.437958717346191,,
26,4214,,6.505926132202148,,
26,4219,,6.301285266876221,,
26,4224,,6.567139625549316,,
26,4229,,6.455537796020508,,
26,4234,,6.3705878257751465,,
,104,,,,6.183200359344482
,105,,,,6.111364841461182
,106,,,,6.709904193878174
,107,,,,6.392653465270996
26,4238,,,6.34928035736084,
26,4238,6.482055187225342,,,
27,4239,,6.642409324645996,,
27,4244,,6.318891525268555,,
27,4249,,6.603777885437012,,
27,4254,,6.612054347991943,,
27,4259,,6.2747931480407715,,
27,4264,,6.664248466491699,,
27,4269,,6.086491584777832,,
27,4274,,6.508664608001709,,
27,4279,,6.456539154052734,,
27,4284,,6.136409282684326,,
27,4289,,5.995059490203857,,
27,4294,,6.148886203765869,,
27,4299,,6.519121170043945,,
27,4304,,6.742996692657471,,
27,4309,,6.543167591094971,,
27,4314,,6.316701412200928,,
27,4319,,6.154421806335449,,
27,4324,,6.208795070648193,,
27,4329,,6.562502861022949,,
27,4334,,6.593735218048096,,
27,4339,,6.546901702880859,,
27,4344,,6.301231384277344,,
27,4349,,6.498962879180908,,
27,4354,,6.366738796234131,,
27,4359,,6.616959571838379,,
27,4364,,6.487968444824219,,
27,4369,,6.638003826141357,,
27,4374,,6.75110387802124,,
27,4379,,6.744777679443359,,
27,4384,,6.768259048461914,,
27,4389,,6.6532883644104,,
27,4394,,6.301568508148193,,
,108,,,,6.213189601898193
,109,,,,6.138620376586914
,110,,,,6.766292095184326
,111,,,,6.344604969024658
27,4395,,,6.3656768798828125,
27,4395,6.458902359008789,,,
28,4399,,6.471311092376709,,
28,4404,,6.686665058135986,,
28,4409,,6.056723594665527,,
28,4414,,6.687990665435791,,
28,4419,,6.071376800537109,,
28,4424,,6.408279895782471,,
28,4429,,6.317752361297607,,
28,4434,,6.395834445953369,,
28,4439,,6.599756717681885,,
28,4444,,6.599784851074219,,
28,4449,,5.951512336730957,,
28,4454,,6.229024410247803,,
28,4459,,6.664182186126709,,
28,4464,,6.328963279724121,,
28,4469,,6.280113220214844,,
28,4474,,6.888537406921387,,
28,4479,,6.629595756530762,,
28,4484,,6.371070384979248,,
28,4489,,6.406895637512207,,
28,4494,,6.44656229019165,,
28,4499,,6.4455389976501465,,
28,4504,,6.513513565063477,,
28,4509,,6.588645935058594,,
28,4514,,6.363044261932373,,
28,4519,,6.553703308105469,,
28,4524,,6.356720924377441,,
28,4529,,6.28165864944458,,
28,4534,,6.342670917510986,,
28,4539,,6.382311820983887,,
28,4544,,6.32691764831543,,
28,4549,,6.1611328125,,
,112,,,,6.121423244476318
,113,,,,6.134469032287598
,114,,,,6.61363410949707
,115,,,,6.352785110473633
28,4552,,,6.305577754974365,
28,4552,6.422306060791016,,,
29,4554,,6.41624641418457,,
29,4559,,7.011754512786865,,
29,4564,,5.881428241729736,,
29,4569,,6.355861663818359,,
29,4574,,6.489123344421387,,
29,4579,,6.464816093444824,,
29,4584,,6.3489274978637695,,
29,4589,,6.169901371002197,,
29,4594,,6.132226943969727,,
29,4599,,6.217164039611816,,
29,4604,,6.278820514678955,,
29,4609,,6.392922401428223,,
29,4614,,6.3658318519592285,,
29,4619,,6.380210876464844,,
29,4624,,6.149595737457275,,
29,4629,,6.526481628417969,,
29,4634,,6.6558518409729,,
29,4639,,6.184601783752441,,
29,4644,,6.731566429138184,,
29,4649,,6.655129432678223,,
29,4654,,6.15553092956543,,
29,4659,,6.293758869171143,,
29,4664,,6.226086139678955,,
29,4669,,6.33128547668457,,
29,4674,,6.329416275024414,,
29,4679,,6.478417873382568,,
29,4684,,6.758227825164795,,
29,4689,,6.320038795471191,,
29,4694,,6.279868125915527,,
29,4699,,6.338749408721924,,
29,4704,,6.431519508361816,,
29,4709,,6.306855201721191,,
,116,,,,6.10028076171875
,117,,,,6.108457565307617
,118,,,,6.641574382781982
,119,,,,6.337646484375
29,4709,,,6.296989917755127,
29,4709,6.391554832458496,,,
30,4714,,6.306736946105957,,
30,4719,,6.267763137817383,,
30,4724,,5.8829851150512695,,
30,4729,,6.864507675170898,,
30,4734,,6.15734338760376,,
30,4739,,6.5135178565979,,
30,4744,,6.372870922088623,,
30,4749,,6.668482303619385,,
30,4754,,6.446245193481445,,
30,4759,,6.150936126708984,,
30,4764,,6.174040794372559,,
30,4769,,6.290567398071289,,
30,4774,,6.107250690460205,,
30,4779,,6.53453254699707,,
30,4784,,6.754302024841309,,
30,4789,,6.463554382324219,,
30,4794,,6.378818035125732,,
30,4799,,6.356646537780762,,
30,4804,,6.4934282302856445,,
30,4809,,6.425698757171631,,
30,4814,,6.285060882568359,,
30,4819,,6.892827033996582,,
30,4824,,6.100574970245361,,
30,4829,,6.575461387634277,,
30,4834,,6.232077121734619,,
30,4839,,6.069397926330566,,
30,4844,,6.093423843383789,,
30,4849,,6.432746887207031,,
30,4854,,6.555134296417236,,
30,4859,,6.440093994140625,,
30,4864,,6.165955543518066,,
,120,,,,6.102272987365723
,121,,,,6.104706287384033
,122,,,,6.609816074371338
,123,,,,6.306618690490723
30,4866,,,6.280853271484375,
30,4866,6.3731513023376465,,,
31,4869,,6.187604904174805,,
31,4874,,6.313930511474609,,
31,4879,,6.189004898071289,,
31,4884,,6.380170822143555,,
31,4889,,6.243284225463867,,
31,4894,,6.10267448425293,,
31,4899,,6.040435791015625,,
31,4904,,6.5850067138671875,,
31,4909,,6.56841516494751,,
31,4914,,6.456055641174316,,
31,4919,,6.347991943359375,,
31,4924,,6.427311420440674,,
31,4929,,6.156998634338379,,
31,4934,,6.454902648925781,,
31,4939,,6.449373722076416,,
31,4944,,6.47285270690918,,
31,4949,,6.234091758728027,,
31,4954,,6.845707893371582,,
31,4959,,6.248597145080566,,
31,4964,,6.305253982543945,,
31,4969,,6.395180702209473,,
31,4974,,6.491303443908691,,
31,4979,,6.308541774749756,,
31,4984,,6.259072303771973,,
31,4989,,6.3182373046875,,
31,4994,,6.228315353393555,,
31,4999,,6.284539699554443,,
31,5004,,6.043063640594482,,
31,5009,,6.228255271911621,,
31,5014,,6.1339874267578125,,
31,5019,,6.059908866882324,,
,124,,,,6.102971076965332
,125,,,,5.995427131652832
,126,,,,6.639854431152344
,127,,,,6.264363765716553
31,5023,,,6.250654220581055,
31,5023,6.353038787841797,,,
32,5024,,6.437287330627441,,
32,5029,,6.211953639984131,,
32,5034,,6.390113353729248,,
32,5039,,6.44630765914917,,
32,5044,,6.564752101898193,,
32,5049,,6.382734775543213,,
32,5054,,6.424069881439209,,
32,5059,,6.499117851257324,,
32,5064,,6.534374237060547,,
32,5069,,6.523937225341797,,
32,5074,,6.581044673919678,,
32,5079,,6.402891635894775,,
32,5084,,6.458748817443848,,
32,5089,,6.303178787231445,,
32,5094,,6.185396671295166,,
32,5099,,6.566245079040527,,
32,5104,,6.37628173828125,,
32,5109,,6.452133655548096,,
32,5114,,6.839053153991699,,
32,5119,,6.555633544921875,,
32,5124,,5.801071643829346,,
32,5129,,6.681743144989014,,
32,5134,,6.4794182777404785,,
32,5139,,6.104194164276123,,
32,5144,,6.1438727378845215,,
32,5149,,6.339650630950928,,
32,5154,,6.133070945739746,,
32,5159,,5.875900745391846,,
32,5164,,6.246622085571289,,
32,5169,,6.350756645202637,,
32,5174,,6.39026403427124,,
32,5179,,6.215999603271484,,
,128,,,,6.041050434112549
,129,,,,5.992490291595459
,130,,,,6.564979553222656
,131,,,,6.218238353729248
32,5180,,,6.204189777374268,
32,5180,6.328474044799805,,,
33,5184,,6.3489580154418945,,
33,5189,,6.324368000030518,,
33,5194,,6.895852088928223,,
33,5199,,6.382331371307373,,
33,5204,,6.150144100189209,,
33,5209,,5.988661766052246,,
33,5214,,6.039067268371582,,
33,5219,,6.292109966278076,,
33,5224,,5.951352596282959,,
33,5229,,6.228494167327881,,
33,5234,,6.241831302642822,,
33,5239,,6.387691497802734,,
33,5244,,6.728007793426514,,
33,5249,,6.07935905456543,,
33,5254,,6.269861698150635,,
33,5259,,6.235622406005859,,
33,5264,,6.603752136230469,,
33,5269,,6.182279586791992,,
33,5274,,6.7359137535095215,,
33,5279,,6.129599094390869,,
33,5284,,6.184601783752441,,
33,5289,,6.329405784606934,,
33,5294,,6.419067859649658,,
33,5299,,6.165159702301025,,
33,5304,,6.308206558227539,,
33,5309,,6.57961893081665,,
33,5314,,6.385873794555664,,
33,5319,,6.552743911743164,,
33,5324,,6.2151665687561035,,
33,5329,,6.169338703155518,,
33,5334,,6.261771202087402,,
,132,,,,6.04432487487793
,133,,,,5.972970008850098
,134,,,,6.606807708740234
,135,,,,6.287502765655518
33,5337,,,6.227901458740234,
33,5337,6.309007167816162,,,
34,5339,,5.971243381500244,,
34,5344,,6.431124210357666,,
34,5349,,6.470324516296387,,
34,5354,,6.110234260559082,,
34,5359,,6.409245491027832,,
34,5364,,6.590748310089111,,
34,5369,,6.270322322845459,,
34,5374,,6.321841716766357,,
34,5379,,6.470106601715088,,
34,5384,,6.33996057510376,,
34,5389,,6.35564661026001,,
34,5394,,6.457097053527832,,
34,5399,,6.733015060424805,,
34,5404,,6.247769832611084,,
34,5409,,6.015802383422852,,
34,5414,,6.09776496887207,,
34,5419,,6.319490432739258,,
34,5424,,5.97869348526001,,
34,5429,,6.194826602935791,,
34,5434,,6.51717472076416,,
34,5439,,6.187256813049316,,
34,5444,,5.992770671844482,,
34,5449,,6.103552341461182,,
34,5454,,6.4327287673950195,,
34,5459,,6.511383533477783,,
34,5464,,6.149650573730469,,
34,5469,,6.047313213348389,,
34,5474,,6.137680530548096,,
34,5479,,6.154152870178223,,
34,5484,,5.827663898468018,,
34,5489,,6.22825288772583,,
34,5494,,6.410562515258789,,
,136,,,,6.04017972946167
,137,,,,5.996564865112305
,138,,,,6.579683780670166
,139,,,,6.233148097991943
34,5494,,,6.2123942375183105,
34,5494,6.285378456115723,,,
35,5499,,6.234935283660889,,
35,5504,,6.551896095275879,,
35,5509,,6.127712726593018,,
35,5514,,6.551638126373291,,
35,5519,,6.114919185638428,,
35,5524,,6.345799922943115,,
35,5529,,6.226417064666748,,
35,5534,,5.950082778930664,,
35,5539,,6.204342365264893,,
35,5544,,6.167592525482178,,
35,5549,,6.244576454162598,,
35,5554,,6.476097106933594,,
35,5559,,6.370563983917236,,
35,5564,,6.065546035766602,,
35,5569,,6.194295406341553,,
35,5574,,6.179956436157227,,
35,5579,,6.36663818359375,,
35,5584,,6.288744926452637,,
35,5589,,6.279993534088135,,
35,5594,,6.384090423583984,,
35,5599,,6.7498650550842285,,
35,5604,,6.400909900665283,,
35,5609,,5.838804721832275,,
35,5614,,6.260690689086914,,
35,5619,,6.122511863708496,,
35,5624,,6.311733722686768,,
35,5629,,6.207649230957031,,
35,5634,,6.4195237159729,,
35,5639,,6.251935958862305,,
35,5644,,6.1075639724731445,,
35,5649,,6.16392707824707,,
,140,,,,6.01319694519043
,141,,,,5.911291599273682
,142,,,,6.491304874420166
,143,,,,6.199277400970459
35,5651,,,6.1537675857543945,
35,5651,6.272266387939453,,,
36,5654,,6.170486927032471,,
36,5659,,6.26637077331543,,
36,5664,,6.64442253112793,,
36,5669,,6.644834995269775,,
36,5674,,6.172060966491699,,
36,5679,,6.216876029968262,,
36,5684,,6.301863670349121,,
36,5689,,6.32761812210083,,
36,5694,,6.281713008880615,,
36,5699,,6.062576770782471,,
36,5704,,6.158737659454346,,
36,5709,,6.616465091705322,,
36,5714,,6.521989822387695,,
36,5719,,6.247574806213379,,
36,5724,,6.228289604187012,,
36,5729,,6.189920425415039,,
36,5734,,6.508265018463135,,
36,5739,,6.282009124755859,,
36,5744,,6.406020164489746,,
36,5749,,6.439841270446777,,
36,5754,,5.99719762802124,,
36,5759,,6.367608070373535,,
36,5764,,6.082001686096191,,
36,5769,,6.168056488037109,,
36,5774,,6.103560447692871,,
36,5779,,6.05852746963501,,
36,5784,,6.035327434539795,,
36,5789,,6.414775371551514,,
36,5794,,6.454679012298584,,
36,5799,,6.416921615600586,,
36,5804,,6.265664100646973,,
,144,,,,6.003941535949707
,145,,,,5.930936336517334
,146,,,,6.439675807952881
,147,,,,6.207768440246582
36,5808,,,6.145580291748047,
36,5808,6.2552337646484375,,,
37,5809,,6.500226974487305,,
37,5814,,6.672826766967773,,
37,5819,,6.270212173461914,,
37,5824,,6.20513916015625,,
37,5829,,5.731679439544678,,
37,5834,,6.303027629852295,,
37,5839,,6.349672794342041,,
37,5844,,6.317466735839844,,
37,5849,,6.184517860412598,,
37,5854,,6.830340385437012,,
37,5859,,5.966605186462402,,
37,5864,,6.160445213317871,,
37,5869,,6.178531169891357,,
37,5874,,6.518014907836914,,
37,5879,,6.489796161651611,,
37,5884,,6.179081916809082,,
37,5889,,6.019708633422852,,
37,5894,,6.179729461669922,,
37,5899,,6.631561756134033,,
37,5904,,6.403958797454834,,
37,5909,,6.130889892578125,,
37,5914,,6.559316158294678,,
37,5919,,6.271928787231445,,
37,5924,,6.236878395080566,,
37,5929,,6.349332332611084,,
37,5934,,6.159849643707275,,
37,5939,,6.386491775512695,,
37,5944,,5.906065464019775,,
37,5949,,6.268050193786621,,
37,5954,,5.939566135406494,,
37,5959,,6.295092582702637,,
37,5964,,6.237830638885498,,
,148,,,,5.975017070770264
,149,,,,5.883133411407471
,150,,,,6.452898025512695
,151,,,,6.153084754943848
37,5965,,,6.116033554077148,
37,5965,6.241308212280273,,,
38,5969,,5.84671688079834,,
38,5974,,6.557005405426025,,
38,5979,,6.287789821624756,,
38,5984,,6.207894325256348,,
38,5989,,6.625290393829346,,
38,5994,,6.195871353149414,,
38,5999,,6.025794506072998,,
38,6004,,5.961696147918701,,
38,6009,,5.997996807098389,,
38,6014,,6.419146537780762,,
38,6019,,6.272497653961182,,
38,6024,,7.082036972045898,,
38,6029,,6.145349979400635,,
38,6034,,6.508176326751709,,
38,6039,,6.206330299377441,,
38,6044,,6.447205066680908,,
38,6049,,6.229376316070557,,
38,6054,,5.974221229553223,,
38,6059,,6.204536437988281,,
38,6064,,6.436417102813721,,
38,6069,,6.534714221954346,,
38,6074,,6.069253921508789,,
38,6079,,6.329836368560791,,
38,6084,,6.226251125335693,,
38,6089,,6.353928089141846,,
38,6094,,6.511641502380371,,
38,6099,,6.124016761779785,,
38,6104,,6.170804977416992,,
38,6109,,5.887331962585449,,
38,6114,,6.004000186920166,,
38,6119,,6.236832141876221,,
,152,,,,5.982021808624268
,153,,,,5.890058517456055
,154,,,,6.413172245025635
,155,,,,6.192720890045166
38,6122,,,6.119493007659912,
38,6122,6.22361946105957,,,
39,6124,,6.382017612457275,,
39,6129,,6.144663333892822,,
39,6134,,6.051150798797607,,
39,6139,,6.16453742980957,,
39,6144,,6.204901218414307,,
39,6149,,6.122852802276611,,
39,6154,,6.122840881347656,,
39,6159,,6.159731864929199,,
39,6164,,6.3045501708984375,,
39,6169,,6.493448257446289,,
39,6174,,6.385594844818115,,
39,6179,,5.959188938140869,,
39,6184,,6.127736568450928,,
39,6189,,6.194918155670166,,
39,6194,,6.369704246520996,,
39,6199,,6.4096574783325195,,
39,6204,,6.166938304901123,,
39,6209,,5.86521053314209,,
39,6214,,6.323530197143555,,
39,6219,,6.508578777313232,,
39,6224,,6.297629356384277,,
39,6229,,6.212570667266846,,
39,6234,,6.253453731536865,,
39,6239,,6.535757064819336,,
39,6244,,6.382224082946777,,
39,6249,,6.617311954498291,,
39,6254,,6.192972660064697,,
39,6259,,6.618571758270264,,
39,6264,,6.098160743713379,,
39,6269,,6.166258811950684,,
39,6274,,5.9503607749938965,,
39,6279,,6.805683612823486,,
,156,,,,5.937312602996826
,157,,,,5.902919769287109
,158,,,,6.419098377227783
,159,,,,6.10626745223999
39,6279,,,6.091399669647217,
39,6279,6.212368488311768,,,
